id;login;password_hash;email;image_url;activated;locked;can_change;must_change;activation_key;reset_key;reset_date;code
1;secondary Direct multi-byte;Locks red reboot;"{NJYw]@.q&|BC.ta]6n";Reverse-engineered convergence French Polynesia;true;true;true;true;Texas Ball one-to-one;Fish;2020-06-17T21:16:41;Sleek Soft Keyboard
2;Ball Practical Engineer;program JSON;".8@S.l)";Malaysian Ringgit iterate bus;false;false;false;false;deposit FTP;installation Chair Concrete;2020-06-17T06:40:24;Cambridgeshire
3;Tools Brand;salmon payment Toys;"M\4@iH<pQ.SsvdG7";RSS;false;true;true;true;Nevada deposit;copy;2020-06-17T06:05:58;compressing Intuitive
4;Savings Account Director;De-engineered Jewelery;"2MX*<@`v%q_.jn}95c";front-end;false;true;false;true;real-time Virtual;Taka;2020-06-17T16:13:08;Practical Rubber Cheese Refined
5;Synergized Borders;Infrastructure quantify;"6Pp4M@m&}g.=Th";Wooden Bolivar Fuerte Kwacha;true;false;true;false;Personal Loan Account leading-edge;Gold quantifying;2020-06-17T08:47:43;override backing up
6;Rustic;Hawaii invoice Plastic;"\*gf@^:*`8.Iib";B2B Oklahoma;false;true;false;false;architectures National;transmit;2020-06-18T02:36:49;Investor Implementation Faroe Islands
7;salmon;Concrete Toys;"UEc@a-.c";Bedfordshire Table;true;false;false;false;Zimbabwe schemas New Hampshire;solutions Clothing;2020-06-17T05:24:07;extend Visionary incubate
8;Kids withdrawal Electronics;Practical synthesizing;"<;f+2'@<[j..,$";SDR frictionless;true;false;false;true;Station green;Delaware;2020-06-18T01:35:44;Pizza invoice eco-centric
9;proactive;auxiliary;"e6w`@n^.O";local area network connecting;true;false;false;true;EXE real-time back up;Assurance 4th generation;2020-06-17T18:10:02;Solomon Islands Ergonomic
10;Persistent;Phased Gloves;"2@a\Y?<.\x";infrastructures Vanuatu;false;true;true;false;generate Licensed Forward;Bhutan Barbados;2020-06-17T16:42:40;Tasty
